name,position,age,blood_type,throw_and_batting,birthplace,JPNorNot,team,height,weight,salary,career
0,上杉 宏行,外野手,22,不明,右右,埼玉,日本,S,176.2,95.6,139,11
1,大下 照男,内野手,26,O,右左,滋賀,日本,S,176.5,65.2,12184,7
2,中山 博,内野手,29,O,右右,兵庫,日本,S,182.0,94.9,5486,5
3,白鳥 雅也,捕手,31,A,右右,福井,日本,S,188.9,98.3,28827,15
4,奈良 泰輔,内野手,30,B,右右,奈良,日本,S,182.9,94.6,6799,3
5,外山 貞一,内野手,34,O,右左,大阪,日本,S,187.6,91.7,6058,2
6,村木 浩重,内野手,23,AB,右左,大阪,日本,S,177.1,83.7,15771,9
7,宇都宮 晃一,内野手,39,B,右右,大分,日本,S,189.5,83.4,11369,12
8,谷川 宗男,外野手,25,A,右右,大阪,日本,S,184.4,78.9,12103,11
9,小峰 幸彦,外野手,28,B,右右,神奈川,日本,S,171.6,80.9,8550,8
10,磯部 早季人,内野手,34,AB,右右,富山,日本,S,185.1,85.0,7996,2
11,赤井 克洋,投手,20,O,右右,石川,日本,S,178.9,84.7,16644,8
12,島 幸吉,投手,33,A,右右,秋田,日本,S,185.4,88.0,6462,9
13,平岡 博久,投手,30,B,右右,千葉,日本,S,175.8,76.1,20447,9
14,浜野 敏弘,投手,23,A,右左,静岡,日本,S,191.4,88.9,24355,14
15,津田 一弘,投手,28,A,右右,兵庫,日本,S,178.0,93.5,5343,2
16,菅井 斎,投手,23,A,右左,福岡,日本,S,178.9,92.6,16323,8
17,本山 時男,投手,25,A,右左,東京,日本,S,183.9,78.4,2425,9
18,阿部 光信,投手,23,O,左左,大阪,日本,S,186.0,87.3,7138,2
19,荻原 健太郎,投手,19,B,左左,群馬,日本,S,184.4,93.6,64,9
20,高山 達也,投手,42,A,左左,秋田,日本,S,182.2,85.6,7729,3
21,渡辺 駿乃介,投手,23,O,右右,千葉,日本,S,192.0,100.2,6461,3
22,海老原 龍五,投手,22,B,左左,山口,日本,S,181.4,79.9,603,3
23,田原 利明,捕手,26,O,右左,愛知,日本,S,181.5,82.6,4451,6
24,永野 英男,外野手,40,A,右左,宮崎,日本,S,174.9,85.5,13590,2
25,脇田 清助,内野手,21,B,右右,長野,日本,S,179.4,89.8,4489,8
26,星 保之,投手,27,O,右右,栃木,日本,S,177.7,87.7,11802,10
27,梅村 風希,捕手,25,AB,右右,青森,日本,S,179.6,78.1,17868,9
28,松村 陳雄,投手,27,B,左左,広島,日本,S,170.6,67.8,7125,11
29,吉岡 宏,投手,24,O,右右,大阪,日本,S,183.6,88.8,11336,7
30,富沢 嘉之,投手,31,A,右右,愛知,日本,S,179.3,91.5,5867,1
31,平岡 義久,捕手,29,AB,右右,京都,日本,S,173.6,76.5,764,8
32,下川 啓介,外野手,28,O,左左,和歌山,日本,S,179.6,87.5,6132,12
33,黒沢 康夫,捕手,28,A,右右,香川,日本,S,172.4,73.7,3702,1
34,古川 伊久士,捕手,19,O,右右,富山,日本,S,178.5,77.2,7685,6
35,向井 忠司,投手,26,B,左左,広島,日本,S,172.2,80.9,12010,4
36,鎌田 浩二,投手,24,A,右左,東京,日本,S,185.8,88.5,8362,8
37,沼田 貴隆,投手,23,A,右右,福岡,日本,S,190.1,86.8,16395,9
38,小暮 真理雄,内野手,26,B,右左,大阪,日本,S,184.7,85.5,3076,2
39,大澤 啓之,投手,20,A,右右,高知,日本,S,178.7,72.0,12636,1
40,下村 亀太郎,外野手,37,A,左左,神奈川,日本,S,172.4,80.0,4289,9
41,小高 裕治,外野手,37,O,右左,兵庫,日本,S,195.4,92.3,5870,0
42,船越 睦夫,投手,24,O,右右,奈良,日本,S,181.0,86.4,839,8
43,吉沢 一輝,捕手,37,A,右右,岐阜,日本,S,177.6,93.6,611,2
44,青山 一男,内野手,25,A,右左,埼玉,日本,S,182.1,83.2,2892,2
45,相良 貞,投手,24,O,左左,京都,日本,S,188.5,90.5,8848,5
46,小関 幸仁,投手,22,O,右左,千葉,日本,S,181.1,95.5,3401,6
47,保田 明,外野手,24,O,右右,千葉,日本,S,176.0,88.5,5589,4
48,秦 威雄,外野手,21,A,右右,福岡,日本,S,188.5,87.1,1374,5
49,本田 英司,投手,26,B,右右,広島,日本,S,183.3,72.6,8724,4
50,矢部 彰三,投手,23,O,左左,東京,日本,S,183.1,79.8,8892,5
51,堀田 倭,内野手,22,O,右左,熊本,日本,S,193.3,92.9,321,0
52,菊地 朋之,投手,21,AB,右右,新潟,日本,S,180.5,85.4,672,2
53,川崎 良男,捕手,23,B,右右,福岡,日本,S,174.2,81.9,14567,8
54,大前 雅人,内野手,20,A,右左,千葉,日本,S,176.7,80.2,8186,3
55,江田 明紀,捕手,30,AB,右左,福岡,日本,S,182.0,78.8,5895,9
56,武田 広志,内野手,20,O,右左,徳島,日本,S,184.0,86.3,4509,6
57,茂木 源治,投手,25,B,左左,佐賀,日本,S,174.8,73.1,6948,5
58,安斎 卓也,投手,28,B,右右,兵庫,日本,S,185.1,97.8,7469,11
59,山中 尚夫,投手,27,B,左左,愛知,日本,S,173.7,66.9,7905,5
60,三井 基良,投手,29,O,右左,広島,日本,S,182.0,93.9,6940,4
61,日比野 直,内野手,27,O,右左,福岡,日本,S,182.7,93.5,7357,0
62,武藤 勝夫,内野手,26,B,右左,千葉,日本,S,174.3,73.8,10066,4
63,北村 年紀,投手,19,A,右右,兵庫,日本,S,172.4,81.3,9522,9
64,富樫 巌,投手,26,O,左左,神奈川,日本,S,167.7,80.6,3784,6
65,小坂 登季也,投手,26,AB,右右,宮城,日本,S,171.1,75.9,2723,2
66,大淵 隆男,投手,26,B,右右,兵庫,日本,S,170.6,74.6,1096,1
67,工藤 一路,内野手,28,B,右右,東京,日本,T,172.2,67.2,8139,2
68,下村 庄一,内野手,27,O,右左,青森,日本,T,182.6,79.5,1,11
69,野間 千耀,捕手,30,A,右右,福岡,日本,T,179.5,87.3,3966,6
70,横川 雅之,内野手,27,O,右右,茨城,日本,T,180.8,64.0,14401,2
71,望月 昭夫,内野手,26,A,右右,宮城,日本,T,187.9,86.2,18333,6
72,杉田 武司,外野手,27,B,左左,兵庫,日本,T,182.2,78.4,8945,12
73,和田 宗平,外野手,40,A,右左,京都,日本,T,179.0,86.9,5994,11
74,岸 光夫,内野手,22,B,右左,兵庫,日本,T,175.9,83.5,1975,5
75,西脇 重義,外野手,28,O,右左,千葉,日本,T,185.3,93.9,554,9
76,石川 省吾,捕手,28,O,右右,兵庫,日本,T,179.3,82.9,15764,15
77,玉木 隼人,投手,30,B,左左,静岡,日本,T,173.7,79.1,14894,1
78,藤原 友治,投手,36,O,左右,台湾,日本,T,170.7,74.6,5439,8
79,北島 幸二,投手,20,O,右右,広島,日本,T,181.4,84.3,8008,11
80,吉井 政昭,投手,31,B,右右,三重,日本,T,178.0,77.4,914,6
81,城戸 広志,投手,30,A,左左,熊本,日本,T,180.1,71.6,3245,7
82,秋山 岩夫,投手,26,O,右右,宮城,日本,T,184.7,80.8,707,9
83,金谷 晴久,投手,27,A,右右,大阪,日本,T,187.5,85.7,12293,14
84,高尾 賢,投手,39,O,右右,福岡,日本,T,187.1,81.7,6522,7
85,小山 利男,投手,38,O,左左,大阪,日本,T,182.8,88.6,544,1
86,大滝 俊幸,外野手,28,O,右右,長崎,日本,T,178.9,81.3,8451,9
87,西脇 貞行,内野手,27,O,右右,大阪,日本,T,176.7,84.6,21136,6
88,安斉 洋一郎,投手,25,AB,左左,千葉,日本,T,177.6,78.7,16749,9
89,小幡 聡,投手,27,A,右右,福岡,日本,T,179.5,75.2,15162,6
90,小宮 龍之介,投手,26,A,左左,静岡,日本,T,193.2,89.6,3174,3
91,栗原 満雄,投手,23,A,右右,静岡,日本,T,180.1,79.2,2882,2
92,高山 一憲,外野手,20,B,右右,大阪,日本,T,175.9,74.5,8256,7
93,大滝 孝通,内野手,29,O,右左,島根,日本,T,182.3,89.7,7519,1
94,高崎 元夫,投手,31,B,右右,福岡,日本,T,181.3,83.3,446,4
95,島崎 忠治,投手,23,O,右右,福岡,日本,T,181.9,84.5,7215,2
96,日下部 竜一,投手,20,O,左左,千葉,日本,T,174.9,90.0,1310,8
97,藤岡 信吉,内野手,21,B,右左,大分,日本,T,172.0,67.0,797,2
98,中井 賢三,捕手,23,A,右右,高知,日本,T,176.2,82.9,5784,7
99,阪本 弘,投手,27,O,右左,福岡,日本,T,187.3,102.6,9254,5
100,玉木 純一,投手,23,A,右左,兵庫,日本,T,188.4,82.9,13202,2
101,立花 幸吉,投手,28,A,右右,岡山,日本,T,187.3,89.4,9252,4
102,前島 功一,内野手,20,A,右左,秋田,日本,T,181.1,89.0,13973,12
103,杉浦 冬季也,投手,30,A,右左,香川,日本,T,184.8,85.5,9894,5
104,宇田川 誠之,投手,21,O,左左,長崎,日本,T,174.1,68.5,17197,3
105,半田 勇太,投手,27,O,右左,山形,日本,T,179.0,78.3,2226,4
106,大熊 淳,投手,28,B,右右,神奈川,日本,T,174.8,85.4,8314,3
107,金谷 栄次,内野手,25,A,右左,山形,日本,T,184.6,91.5,87,6
108,畑中 広昭,外野手,26,AB,右左,熊本,日本,T,175.7,79.6,309,5
109,本田 創,投手,30,B,右右,宮崎,日本,T,185.4,95.6,12489,10
110,谷本 拓也,内野手,30,O,右右,大阪,日本,T,184.8,78.8,3015,0
111,和泉 昌孝,投手,29,B,右右,千葉,日本,T,184.8,97.5,10067,9
112,大石 恭三郎,捕手,27,B,右右,群馬,日本,T,184.7,84.1,8886,1
113,大滝 敏彦,内野手,33,B,右左,東京,日本,T,182.8,93.8,23212,4
114,奥山 秋男,捕手,20,A,右右,滋賀,日本,T,186.1,87.4,20087,11
115,坂 成光,投手,24,AB,右右,神奈川,日本,T,175.3,78.7,2958,0
116,安達 宏光,内野手,25,O,右両,滋賀,日本,T,174.8,85.3,897,3
117,高橋 仁,外野手,27,B,右左,神奈川,日本,T,186.0,92.9,7224,5
118,高橋 壮史朗,投手,36,O,右右,三重,日本,T,176.5,80.1,6793,4
119,井本 寅雄,投手,22,O,右右,三重,日本,T,183.3,102.9,2895,5
120,市原 詠一,投手,24,A,右右,神奈川,日本,T,176.3,80.3,11268,16
121,鹿野 重彦,内野手,19,O,右左,長野,日本,T,184.4,80.7,1331,5
122,志賀 岩雄,外野手,34,A,右右,福岡,日本,T,176.1,81.4,1007,1
123,大貫 幸真,投手,24,O,右右,秋田,日本,T,186.4,93.8,3062,9
124,武井 章夫,投手,32,A,右右,埼玉,日本,T,181.1,78.9,3346,4
125,板垣 利之,投手,26,AB,左左,群馬,日本,T,178.1,80.9,10028,4
126,高畑 淳一,捕手,29,AB,右右,埼玉,日本,T,178.5,85.8,17802,9
127,森口 裕,捕手,27,B,右左,愛知,日本,T,179.4,84.5,2121,0
128,船越 政夫,外野手,23,A,右右,奈良,日本,T,186.9,89.5,14340,6
129,都築 信太郎,投手,29,B,左左,奈良,日本,T,179.3,101.1,1623,5
130,安東 金次郎,投手,23,A,右右,兵庫,日本,T,179.0,81.2,2903,12
131,久米 勝彦,投手,23,B,左左,福岡,日本,T,186.5,89.6,3884,9
132,渡邊 充,投手,26,O,右右,静岡,日本,T,186.6,85.4,11587,6
133,持田 岩男,内野手,26,A,右右,山口,日本,T,178.1,80.2,15367,5
134,市村 健介,投手,22,A,右左,京都,日本,T,183.8,76.7,3053,4
135,吉澤 堅助,外野手,24,A,右右,山梨,日本,T,185.1,86.8,6520,6
136,北尾 謙治,内野手,22,A,右右,群馬,日本,G,168.8,73.1,5218,4
137,花田 信治,内野手,28,A,右右,徳島,日本,G,180.3,87.3,4201,2
138,藤沢 泰男,内野手,23,O,右左,静岡,日本,G,186.8,88.8,1549,8
139,立石 進,外野手,35,A,右右,台湾,日本,G,184.6,89.1,10473,2
140,古山 衛,投手,27,A,右左,兵庫,日本,G,175.4,91.5,518,8
141,古田 信彦,内野手,39,A,右右,兵庫,日本,G,179.1,94.2,9716,11
142,江原 清茂,捕手,19,A,右右,佐賀,日本,G,175.3,81.2,4360,2
143,川辺 憲一,内野手,33,AB,右右,兵庫,日本,G,177.6,77.1,1989,3
144,相田 悠斗,外野手,32,AB,右左,千葉,日本,G,187.5,95.5,8753,3
145,川田 友和,外野手,23,A,右左,愛知,日本,G,178.3,75.1,2390,1
146,日野 守彦,外野手,39,AB,右左,奈良,日本,G,191.8,102.0,6638,8
147,小沼 成良,内野手,32,O,右右,広島,日本,G,181.5,78.3,223,5
148,野村 金太郎,投手,23,A,右右,兵庫,日本,G,174.4,57.3,3774,5
149,立川 三夫,投手,19,B,右右,福井,日本,G,176.6,74.6,4802,8
150,三好 英明,投手,21,O,右右,京都,日本,G,179.2,100.7,2619,7
151,鎌田 元翔,外野手,33,A,右左,島根,日本,G,177.5,84.5,1990,8
152,長友 睦夫,投手,23,O,右右,広島,日本,G,185.0,80.8,11196,10
153,大平 文隆,投手,38,B,右右,埼玉,日本,G,174.2,80.2,12490,1
154,岩城 次男,投手,19,A,右右,東京,日本,G,171.9,71.1,1434,7
155,松本 重夫,投手,32,A,右右,神奈川,日本,G,176.7,82.7,13901,7
156,末吉 秀明,投手,22,B,右右,山形,日本,G,189.0,95.2,816,7
157,井上 健太郎,投手,23,B,右左,兵庫,日本,G,180.3,84.1,4300,4
158,佐川 英樹,投手,21,AB,右右,宮崎,日本,G,166.7,80.6,1085,4
159,長谷 二三男,投手,35,A,右右,東京,日本,G,177.5,89.9,4814,3
160,大槻 常雄,内野手,21,B,右右,福井,日本,G,161.6,63.2,591,6
161,岩下 啓司,捕手,32,O,右右,大阪,日本,G,179.3,76.9,3366,10
162,河本 恵三,投手,34,A,右右,福岡,日本,G,176.3,78.8,2065,11
163,植村 卓,捕手,23,B,右左,広島,日本,G,180.2,86.7,15434,9
164,池内 紳悟,捕手,29,B,右左,沖縄,日本,G,182.5,79.0,6662,1
165,梅田 玄騎,内野手,25,A,右右,奈良,日本,G,182.0,86.5,9692,1
166,竹中 泰成,内野手,19,A,右右,鳥取,日本,G,180.2,82.6,7376,1
167,浅沼 芳太郎,投手,27,AB,左左,大阪,日本,G,178.4,77.8,15405,4
168,河合 忠,捕手,23,A,右右,石川,日本,G,179.3,78.1,4878,7
169,広川 達夫,内野手,27,A,右左,岐阜,日本,G,180.7,85.1,4393,6
170,土田 省吾,投手,31,O,右右,北海道,日本,G,188.2,86.7,1725,8
171,大関 柚真,投手,23,A,右右,岡山,日本,G,168.9,75.2,1785,7
172,梅村 佐吉,外野手,27,O,右左,大阪,日本,G,179.5,81.2,11883,3
173,重松 利男,内野手,24,O,右右,大阪,日本,G,182.6,88.3,5813,4
174,大坪 柊磨,投手,20,O,右右,岩手,日本,G,174.9,83.7,30617,16
175,河上 大樹,投手,23,O,右右,鹿児島,日本,G,185.6,80.3,3896,4
176,尾崎 宗雄,投手,28,AB,右右,兵庫,日本,G,174.4,87.7,195,3
177,大津 芳雄,外野手,28,O,右右,大阪,日本,G,177.8,77.5,11,5
178,相田 晃年,内野手,28,A,右両,東京,日本,G,183.8,86.4,2872,9
179,杉村 恭一,捕手,25,A,右右,兵庫,日本,G,181.4,86.0,1553,5
180,手塚 由夫,外野手,31,A,右左,熊本,日本,G,180.7,90.6,11969,6
181,福沢 龍雄,内野手,19,A,右左,愛知,日本,G,171.0,82.4,193,3
182,村瀬 章司,投手,25,A,右右,東京,日本,G,165.3,72.2,3745,1
183,風間 邦男,投手,27,A,左左,大阪,日本,G,187.0,101.8,4804,7
184,相田 進也,外野手,28,A,右左,千葉,日本,G,181.9,91.5,3,5
185,藤井 安男,投手,27,AB,右左,広島,日本,G,181.6,73.7,15736,10
186,坂下 一輝,投手,25,A,右右,奈良,日本,G,193.7,98.5,8497,2
187,宮地 節夫,投手,23,A,右右,沖縄,日本,G,177.9,84.7,3017,1
188,宇田川 竹志,投手,25,B,左左,茨城,日本,G,168.7,74.5,2106,3
189,岩佐 芳郎,投手,29,A,左左,京都,日本,G,181.5,77.1,515,12
190,岡山 亮太,投手,19,AB,左左,北海道,日本,G,183.1,80.2,3145,1
191,松井 正二,外野手,25,O,右左,福島,日本,G,176.6,84.0,16647,7
192,沢井 祐一郎,内野手,26,A,右右,石川,日本,G,179.4,83.9,1423,4
193,松本 冬悟,投手,29,O,左左,埼玉,日本,G,181.5,85.9,167,5
194,外山 喜久治,投手,21,A,右右,長野,日本,G,182.1,85.8,12615,11
195,脇田 優起,外野手,23,A,左左,大阪,日本,G,176.6,79.3,4366,2
196,益田 公子,投手,25,O,右右,東京,日本,G,187.4,88.2,859,6
197,布施 八郎,投手,32,AB,左左,石川,日本,G,182.1,92.0,16075,6
198,石塚 太郎,投手,23,B,左左,愛知,日本,G,194.4,92.9,15546,3
199,山上 一郎,投手,28,AB,右右,佐賀,日本,G,187.7,80.3,1203,3
200,梅田 孝,内野手,20,B,右右,茨城,日本,G,176.0,88.2,10923,7
201,関 匡弘,内野手,21,A,右右,大阪,日本,G,174.8,73.6,4300,7
202,小松 芳夫,投手,21,B,左左,滋賀,日本,G,181.0,74.7,1462,11
203,渡邊 典大,投手,26,AB,右右,佐賀,日本,G,181.8,79.2,2016,11
204,宮野 政吉,投手,23,A,左左,神奈川,日本,G,175.3,79.1,615,3
205,上野 裕二,内野手,21,A,右左,福岡,日本,G,186.7,82.0,4946,5
206,城戸 武裕,内野手,25,A,右左,福岡,日本,G,191.8,89.8,1704,2
207,横尾 佐太郎,捕手,20,B,右右,石川,日本,G,171.2,74.3,13506,6
208,藤沢 健三,内野手,19,A,右左,千葉,日本,G,168.1,77.3,7205,4
209,関根 博嗣,捕手,23,AB,右左,京都,日本,G,191.4,79.4,1938,4
210,下村 均,投手,21,A,右右,愛知,日本,G,178.9,83.1,10509,1
211,加賀 隼人,投手,20,B,左左,群馬,日本,G,178.1,80.8,11513,5
212,長嶋 道春,投手,21,AB,右右,北海道,日本,G,178.4,81.6,6647,1
213,長岡 辰雄,内野手,25,A,右左,徳島,日本,G,188.9,88.8,7199,4
214,平山 兼吉,投手,23,O,右右,神奈川,日本,G,174.8,74.8,8179,4
215,岡村 美明,外野手,20,A,左左,山形,日本,G,181.6,84.9,11908,8
216,棚橋 文康,投手,34,O,右右,大分,日本,G,186.4,90.4,25918,7
217,古屋 賢明,外野手,21,O,右左,大阪,日本,G,174.8,79.7,9616,15
218,大森 晋,内野手,31,A,右右,広島,日本,C,181.3,88.5,2759,0
219,嶋田 義男,内野手,26,A,右左,大阪,日本,C,185.7,87.1,5708,1
220,猪股 基一,外野手,27,A,右右,東京,日本,C,189.3,87.0,5634,5
221,石沢 喜八郎,内野手,32,A,右左,神奈川,日本,C,186.5,102.2,2854,7
222,植松 明男,外野手,37,O,右右,佐賀,日本,C,173.4,76.2,4023,8
223,安田 守弘,内野手,32,O,右左,福岡,日本,C,182.4,90.1,6664,9
224,大高 公子,内野手,30,A,右右,愛知,日本,C,178.3,84.4,7017,8
225,小口 幸仁,投手,30,A,右右,鳥取,日本,C,182.7,82.3,3893,9
226,藤田 悠斗,投手,23,O,右右,埼玉,日本,C,177.1,84.4,5316,1
227,上村 進,投手,23,O,左左,和歌山,日本,C,178.9,80.3,5232,5
228,大村 亮一,投手,30,AB,右右,長崎,日本,C,174.9,86.4,14761,8
229,久米 英晴,投手,30,B,右右,長崎,日本,C,179.7,84.5,19309,12
230,麻生 秋夫,投手,28,AB,右左,東京,日本,C,171.8,76.2,3960,1
231,福山 春夫,投手,24,O,右右,大分,日本,C,174.3,78.3,12196,8
232,武内 空大,投手,32,AB,右右,岡山,日本,C,183.9,83.7,10247,9
233,斉藤 有正,投手,25,A,右右,愛知,日本,C,178.9,68.9,18682,6
234,片山 裕史,投手,29,B,右右,鹿児島,日本,C,175.0,79.8,2961,7
235,石倉 鑑,捕手,22,B,右右,広島,日本,C,182.5,76.2,7100,2
236,住田 政志,投手,29,B,右右,広島,日本,C,178.0,80.5,9709,0
237,深谷 敏哉,投手,31,AB,右右,大阪,日本,C,174.2,86.7,15256,14
238,杉本 茂,捕手,33,B,右右,茨城,日本,C,174.6,81.7,3606,4
239,寺島 敬,投手,26,A,左左,兵庫,日本,C,174.6,75.6,8461,14
240,井川 将文,投手,31,O,右右,福岡,日本,C,180.5,85.2,4211,4
241,遠藤 孝一,捕手,23,A,右左,千葉,日本,C,178.0,73.5,1827,8
242,大井 義久,捕手,36,A,右右,大阪,日本,C,178.0,83.1,1784,1
243,福山 義夫,内野手,31,A,右右,東京,日本,C,176.6,75.2,4805,2
244,松岡 佐吉,投手,23,A,左左,埼玉,日本,C,183.7,88.1,4484,4
245,井本 海凪,内野手,28,A,右右,福岡,日本,C,178.0,73.2,1277,0
246,平岡 壮志,投手,24,A,左左,香川,日本,C,172.0,74.2,5968,11
247,玉田 靖彦,外野手,29,B,右左,兵庫,日本,C,180.5,87.5,10769,5
248,上田 正吉,外野手,24,O,右左,東京,日本,C,179.9,87.9,11542,2
249,及川 圭二,投手,32,O,右左,茨城,日本,C,184.7,102.7,4458,14
250,柏木 幸平,捕手,29,A,右右,愛知,日本,C,173.8,80.0,9362,2
251,高梨 慎一,投手,27,O,右右,東京,日本,C,183.4,88.1,22043,5
252,宍戸 文平,投手,25,O,右右,福岡,日本,C,179.4,62.7,4735,1
253,川野 英樹,内野手,21,O,右左,和歌山,日本,C,191.9,104.9,6417,10
254,神崎 竹男,内野手,25,O,右左,静岡,日本,C,182.0,88.4,4250,6
255,島崎 俊文,投手,24,A,左左,岩手,日本,C,174.8,79.8,4486,3
256,関口 友洋,投手,22,B,右右,熊本,日本,C,177.6,72.1,4269,1
257,上山 大地,投手,23,O,右右,熊本,日本,C,179.8,85.2,9125,5
258,岩田 二三男,外野手,25,A,右右,広島,日本,C,173.3,69.0,1343,9
259,近藤 裕仁,外野手,27,O,右右,大阪,日本,C,176.6,76.3,12521,8
260,岡野 晃,内野手,21,AB,右左,兵庫,日本,C,182.9,91.6,46,1
261,桑田 裕平,投手,20,O,右右,茨城,日本,C,180.3,83.1,4106,6
262,岩崎 政志,投手,19,O,右右,和歌山,日本,C,181.7,84.7,3284,5
263,小柳 金一,内野手,20,AB,右左,新潟,日本,C,186.4,94.9,3578,6
264,今泉 利吉,外野手,36,B,右左,鹿児島,日本,C,173.2,71.7,5422,2
265,久米 岩雄,内野手,21,O,右右,岐阜,日本,C,190.0,95.5,11175,6
266,津村 晴雄,投手,21,B,右右,三重,日本,C,186.4,76.4,4778,6
267,奥野 鉄夫,投手,22,A,右右,秋田,日本,C,179.7,82.0,677,12
268,柏木 勝昭,外野手,25,A,右左,大阪,日本,C,175.5,87.2,5166,4
269,小野 清信,外野手,22,B,右右,埼玉,日本,C,181.7,75.6,9150,10
270,広川 広明,内野手,23,A,右左,大阪,日本,C,173.9,99.2,563,3
271,中川 清吉,捕手,24,A,右右,兵庫,日本,C,171.0,80.0,5720,3
272,宇野 康司,外野手,27,O,右左,大阪,日本,C,183.9,90.9,15439,12
273,本山 勇夫,投手,32,O,左左,福岡,日本,C,194.8,102.9,4263,6
274,吉田 亀次郎,投手,20,A,左左,福井,日本,C,180.5,88.5,5615,3
275,板橋 新平,投手,22,O,右右,茨城,日本,C,172.5,81.7,689,7
276,平松 正毅,投手,26,A,右右,東京,日本,C,181.3,84.3,13540,6
277,郡司 博一,投手,21,O,右右,千葉,日本,C,179.7,80.3,1178,1
278,宮地 裕仁,内野手,21,O,右左,宮崎,日本,C,179.0,78.4,13269,6
279,服部 信雄,投手,29,不明,右右,南アフリカ,日本,C,179.2,75.2,3138,2
280,宮下 泰介,投手,26,A,右右,広島,日本,C,173.5,78.2,7709,6
281,飯塚 栄二,捕手,19,AB,右右,静岡,日本,C,168.7,57.7,7675,5
282,浅沼 良之,投手,22,A,右右,静岡,日本,C,188.3,90.3,5366,5
283,浅田 和幸,捕手,20,A,右左,北海道,日本,C,180.1,91.2,9254,2
284,丹野 孝雄,外野手,20,O,左左,大阪,日本,C,195.0,100.4,2337,12
285,市川 重行,投手,28,A,左左,兵庫,日本,C,175.0,80.5,8888,2
286,浜本 辰二,内野手,29,A,左左,兵庫,日本,D,171.1,78.2,15939,6
287,有田 薫,内野手,22,A,右左,兵庫,日本,D,190.2,94.6,13041,11
288,竹田 一雄,内野手,27,O,右左,石川,日本,D,188.6,91.2,5053,0
289,畠山 文男,内野手,20,O,右右,愛知,日本,D,179.1,84.4,10031,4
290,柏原 秀光,内野手,28,O,右左,神奈川,日本,D,178.9,80.9,1117,4
291,菅 光政,外野手,40,O,右両,愛知,日本,D,181.9,73.9,9739,4
292,仲田 月路,内野手,32,B,右右,岩手,日本,D,179.5,81.8,5,1
293,岡島 蒼澄,外野手,33,B,右右,大阪,日本,D,175.0,75.6,12034,10
294,森口 孝三,内野手,21,O,右左,岐阜,日本,D,185.0,96.4,12128,8
295,住田 佳典,外野手,36,A,左左,愛知,日本,D,170.0,76.7,10219,8
296,脇田 隆一,外野手,44,B,右左,鹿児島,日本,D,186.0,89.0,160,4
297,浅野 英人,投手,24,A,左左,神奈川,日本,D,169.3,72.2,9107,3
298,船越 正男,投手,32,B,右右,愛知,日本,D,187.6,95.8,3684,8
299,浜野 常吉,投手,24,A,左左,福井,日本,D,183.9,90.2,5191,10
300,稲田 満,投手,37,A,右右,三重,日本,D,172.0,79.9,1766,5
301,青山 生鼓斗,投手,31,A,右右,沖縄,日本,D,180.8,91.5,4884,3
302,中島 悦夫,投手,27,A,右右,宮崎,日本,D,176.6,81.6,3433,7
303,江藤 壮史朗,投手,25,B,右右,宮城,日本,D,186.3,99.6,7156,6
304,真鍋 明憲,投手,19,AB,右右,愛知,日本,D,181.9,82.0,3894,6
305,新倉 享,投手,30,A,左左,和歌山,日本,D,182.0,92.7,9273,6
306,緒方 長太郎,投手,33,O,左左,京都,日本,D,175.8,84.9,1512,15
307,目黒 忠雄,外野手,32,O,右左,東京,日本,D,174.0,75.7,1017,2
308,川口 阿澄,投手,31,B,右右,愛知,日本,D,176.8,71.1,5372,1
309,中嶋 陽一郎,投手,28,O,右左,宮城,日本,D,181.1,78.6,3826,7
310,本山 正男,外野手,32,O,右左,千葉,日本,D,177.3,85.0,1361,7
311,福岡 勝也,捕手,35,O,右右,岐阜,日本,D,184.3,89.1,7434,1
312,小村 恒雄,投手,23,O,右右,愛知,日本,D,175.9,85.1,13336,7
313,片山 俊史,投手,43,A,右右,大阪,日本,D,190.4,76.8,9860,5
314,島崎 清三,外野手,24,O,左左,香川,日本,D,178.0,84.2,9988,9
315,渡邊 幸次,外野手,28,A,右左,神奈川,日本,D,186.3,78.9,4292,6
316,小倉 洋一郎,内野手,23,B,右右,山形,日本,D,188.3,88.1,12526,8
317,野島 直樹,投手,34,B,右左,愛知,日本,D,174.7,85.9,6056,3
318,江口 岩夫,投手,29,O,左左,兵庫,日本,D,175.2,77.1,1397,4
319,川添 道男,捕手,30,B,右右,高知,日本,D,176.8,72.0,10617,9
320,八田 友和,投手,27,A,右右,宮城,日本,D,183.1,71.7,9432,3
321,菅沼 四郎,内野手,29,O,右右,東京,日本,D,179.0,79.9,15697,9
322,山中 雅也,投手,31,B,左左,兵庫,日本,D,181.1,80.0,6085,7
323,植木 明雄,捕手,29,A,右左,北海道,日本,D,173.8,78.7,4472,15
324,大山 茂志,投手,22,B,右左,東京,日本,D,176.2,80.7,1101,2
325,今川 勇二,投手,24,O,右右,岐阜,日本,D,178.4,77.9,9899,11
326,高沢 喜久治,投手,29,A,右右,群馬,日本,D,175.3,70.8,4133,10
327,稲垣 俊雄,捕手,24,A,右右,千葉,日本,D,180.3,92.8,5583,3
328,江川 譲,内野手,19,A,右左,滋賀,日本,D,178.3,84.2,4390,2
329,松下 諒太,投手,24,A,右右,静岡,日本,D,173.8,87.7,4355,8
330,福岡 広明,投手,26,A,左左,新潟,日本,D,189.0,85.9,15086,4
331,永井 俊範,内野手,27,O,右左,熊本,日本,D,182.0,87.5,30,8
332,藤原 泰憲,外野手,22,AB,右右,愛知,日本,D,176.7,93.8,4729,11
333,黒崎 良之,投手,22,AB,右右,埼玉,日本,D,187.0,98.0,8252,14
334,安斎 二三男,外野手,25,B,右左,三重,日本,D,175.2,83.6,728,2
335,村松 周二,外野手,30,AB,右両,埼玉,日本,D,189.7,91.3,16163,10
336,根岸 信次,投手,26,O,右右,愛知,日本,D,171.6,88.2,951,11
337,田端 拓也,投手,23,O,右右,愛知,日本,D,178.9,80.1,4272,10
338,安井 正浩,内野手,33,O,右右,神奈川,日本,D,168.5,74.4,5963,5
339,菅沼 勝三,外野手,27,O,右右,福岡,日本,D,182.6,91.1,10886,9
340,辻本 伸一,捕手,21,A,右右,千葉,日本,D,170.9,83.6,9824,5
341,亀田 昌弘,投手,22,A,右右,兵庫,日本,D,182.1,81.7,11564,12
342,坂下 秋夫,外野手,19,O,右左,三重,日本,D,171.1,82.1,21031,6
343,狩野 和馬,内野手,33,O,右右,愛知,日本,D,184.6,89.4,9625,5
344,坂上 彰三,投手,19,AB,左左,岡山,日本,D,168.7,74.9,17724,7
345,白鳥 北斗,投手,19,A,右右,岐阜,日本,D,181.5,88.1,8198,4
346,金子 吉彦,捕手,30,B,右右,大阪,日本,D,173.3,75.0,10116,4
347,栗山 早季人,投手,27,O,左左,愛知,日本,D,175.4,90.4,616,6
348,川島 与三郎,投手,23,A,左左,東京,日本,D,188.4,91.7,6314,6
349,国分 龍之介,投手,28,A,右右,大阪,日本,D,176.9,82.6,1149,12
350,松浦 英樹,投手,20,A,右右,北海道,日本,D,178.9,86.8,21833,8
351,我妻 翔平,投手,19,O,左左,富山,日本,D,177.9,82.0,8787,1
352,市川 敦盛,投手,27,O,右右,愛知,日本,D,181.6,84.9,2285,10
353,和田 昇,投手,18,O,右右,大阪,日本,D,183.1,98.9,17945,6
354,菅原 幸三,投手,24,B,左左,愛知,日本,D,178.8,88.7,10668,8
355,武内 陽悠,投手,21,B,左左,岐阜,日本,D,180.8,76.4,10603,8
356,浅井 孝男,内野手,32,B,右右,三重,日本,YB,182.6,87.5,3639,7
357,水上 壱桜,外野手,25,O,右左,熊本,日本,YB,186.8,92.5,17367,4
358,中森 正博,外野手,28,B,右右,大阪,日本,YB,180.6,76.2,13870,9
359,河村 徳三郎,内野手,23,O,右右,長野,日本,YB,182.5,74.9,5315,9
360,堀越 政春,内野手,25,O,右右,三重,日本,YB,184.8,85.6,9435,4
361,榎本 克洋,内野手,31,B,右左,神奈川,日本,YB,178.3,88.1,2384,3
362,深田 一正,内野手,20,A,右左,静岡,日本,YB,183.4,86.0,15155,22
363,佐々木 雅史,外野手,27,A,右左,岡山,日本,YB,186.2,94.6,2520,0
364,齋藤 寛治,外野手,28,A,右左,沖縄,日本,YB,171.7,75.4,2172,7
365,金谷 信二,内野手,34,A,右右,鹿児島,日本,YB,178.0,78.6,9505,4
366,松沢 兼吉,捕手,31,A,右左,鹿児島,日本,YB,187.3,81.8,9092,3
367,大淵 広明,投手,26,B,左左,三重,日本,YB,183.4,74.5,7952,12
368,松岡 洋一,投手,22,O,右左,大阪,日本,YB,176.1,83.5,3327,12
369,川合 文夫,投手,23,A,右右,熊本,日本,YB,181.8,81.4,8793,7
370,浜崎 達男,投手,28,O,左左,広島,日本,YB,177.6,76.9,8275,6
371,板橋 保夫,投手,28,AB,右右,神奈川,日本,YB,175.9,69.1,11464,9
372,横井 颯吾,投手,31,A,右両,福岡,日本,YB,180.0,89.8,4446,8
373,大江 幸男,投手,29,O,右右,東京,日本,YB,170.5,71.6,7490,7
374,滝本 雅博,投手,24,O,左左,福岡,日本,YB,180.9,97.8,12807,7
375,相馬 新吉,投手,28,A,左左,福岡,日本,YB,179.7,85.9,6976,9
376,金城 健史,投手,23,O,右右,栃木,日本,YB,178.6,73.2,2357,2
377,西田 邦久,投手,28,A,右右,千葉,日本,YB,182.0,83.1,4465,1
378,富樫 洋平,投手,26,B,左左,佐賀,日本,YB,185.1,81.3,14167,6
379,牧野 精一,投手,25,B,右右,京都,日本,YB,177.6,88.4,8201,0
380,白石 正元,投手,21,不明,右左,東京,日本,YB,185.8,86.3,951,5
381,白川 和之,捕手,32,B,右右,愛知,日本,YB,174.3,83.5,11001,10
382,川田 秀之,投手,25,A,右左,新潟,日本,YB,181.2,80.9,2879,3
383,松崎 徳治,内野手,28,O,右左,岡山,日本,YB,179.2,82.0,23369,10
384,横井 敦盛,捕手,21,A,右右,栃木,日本,YB,182.9,91.8,7730,5
385,青山 豊和,外野手,28,O,右左,神奈川,日本,YB,182.0,84.2,6172,1
386,花田 楓冴,投手,32,A,右右,山口,日本,YB,179.3,90.8,12244,13
387,石倉 涼雅,投手,32,AB,右右,岐阜,日本,YB,184.4,93.6,485,9
388,岩沢 颯,捕手,28,AB,右右,福岡,日本,YB,180.1,88.1,13610,5
389,喜多 貞二,外野手,26,A,右左,大阪,日本,YB,183.9,82.0,14002,7
390,岡島 一平,内野手,28,O,右左,神奈川,日本,YB,175.3,76.5,1382,2
391,矢部 進也,捕手,30,B,右右,沖縄,日本,YB,169.7,72.8,10571,6
392,小高 一男,投手,19,A,左左,神奈川,日本,YB,166.5,62.6,5899,6
393,二瓶 晃一,投手,22,A,左左,埼玉,日本,YB,187.7,85.5,12181,9
394,宮内 堅助,投手,29,O,右右,秋田,日本,YB,188.4,90.6,1028,1
395,海老原 天飛,内野手,18,O,右左,兵庫,日本,YB,184.0,91.3,10274,1
396,西島 総一朗,投手,32,B,左左,愛知,日本,YB,190.9,98.9,5402,9
397,田端 哲郎,投手,26,B,左左,北海道,日本,YB,182.1,98.3,4136,1
398,玉置 正一,投手,23,B,右右,滋賀,日本,YB,169.7,84.8,2500,3
399,滝田 喜久治,捕手,23,A,右右,大阪,日本,YB,179.9,82.9,3468,10
400,藤崎 秀光,内野手,33,B,右右,佐賀,日本,YB,185.7,86.1,968,4
401,長谷部 則夫,外野手,23,AB,右右,神奈川,日本,YB,182.2,88.0,5054,1
402,上条 泰弘,投手,22,O,左左,静岡,日本,YB,180.4,79.6,10914,4
403,原 康正,投手,20,A,右右,福岡,日本,YB,169.9,73.7,7369,6
404,今村 大地,内野手,20,O,右右,島根,日本,YB,192.5,90.5,5571,2
405,朝倉 樹希,投手,19,O,左左,静岡,日本,YB,180.3,89.9,4657,10
406,小峰 雅敏,捕手,20,AB,右右,和歌山,日本,YB,173.5,82.1,13123,14
407,寺岡 清信,投手,32,O,右右,埼玉,日本,YB,177.5,71.9,3910,1
408,梶田 秀実,投手,26,O,右右,沖縄,日本,YB,182.0,87.1,152,6
409,柳瀬 芳雄,内野手,23,A,右右,新潟,日本,YB,180.9,89.6,9293,6
410,奈良 弥太郎,外野手,24,B,右右,青森,日本,YB,186.4,95.4,4007,3
411,黒岩 勝利,外野手,26,A,左左,愛知,日本,YB,183.5,92.5,362,4
412,大淵 誠治,投手,28,AB,右右,岩手,日本,YB,180.9,82.7,10523,5
413,江藤 喜久治,投手,29,B,右右,沖縄,日本,YB,177.9,75.4,17260,6
414,土井 晃一朗,内野手,29,B,右左,千葉,日本,YB,181.0,87.0,16079,12
415,坂井 瑛太,投手,30,AB,右右,千葉,日本,YB,181.7,89.3,49,5
416,橘 良和,投手,22,B,右右,和歌山,日本,YB,191.7,95.2,5490,8
417,寺沢 篤彦,投手,27,B,右右,北海道,日本,YB,179.3,79.3,1629,2
418,梅原 昌之,投手,21,A,右右,沖縄,日本,YB,172.0,84.2,13683,9
419,宮田 楓晴,投手,23,A,左右,神奈川,日本,YB,183.9,79.9,17978,0
420,島田 一行,投手,19,AB,右右,神奈川,日本,YB,177.2,85.0,6323,3
421,青山 省三,内野手,24,B,右左,神奈川,日本,BS,187.1,78.6,5389,10
422,高松 義一,投手,20,AB,左左,神奈川,日本,BS,179.5,82.3,646,5
423,菅沼 斗羽,捕手,26,O,右右,埼玉,日本,BS,173.9,73.7,4590,0
424,長嶋 洋,投手,20,O,右右,広島,日本,BS,185.1,76.1,3469,4
425,川崎 吉彦,投手,20,A,右右,和歌山,日本,BS,185.7,87.1,8952,12
426,梅津 昭夫,内野手,34,O,右右,群馬,日本,BS,181.9,83.4,5289,1
427,板垣 武一,外野手,20,O,右右,宮崎,日本,BS,177.8,90.3,5545,9
428,阿部 敏昭,内野手,29,A,右左,大阪,日本,BS,179.7,85.0,4733,4
429,下山 秀吉,内野手,31,O,右左,東京,日本,BS,183.9,88.5,1588,5
430,野沢 金一,捕手,20,O,右右,茨城,日本,BS,179.0,87.9,12660,3
431,服部 惟史,外野手,25,B,右左,東京,日本,BS,187.9,94.8,11810,11
432,石川 志希,外野手,24,B,右右,宮城,日本,BS,172.5,85.6,6277,8
433,寺沢 堅助,外野手,28,A,右左,群馬,日本,BS,187.7,87.5,17650,6
434,松村 賢一,投手,21,A,右右,東京,日本,BS,178.3,82.1,13051,5
435,中谷 正洋,内野手,28,B,右右,沖縄,日本,BS,180.8,79.7,4897,8
436,宮川 喬,投手,29,B,左左,埼玉,日本,BS,179.7,86.1,10506,8
437,迫田 邦彦,投手,19,A,右右,大分,日本,BS,179.1,87.6,9344,4
438,平井 朝日,投手,19,B,右右,福岡,日本,BS,183.7,92.7,2234,4
439,小杉 柚希,投手,19,O,左左,兵庫,日本,BS,183.4,88.9,6639,14
440,塚本 政信,投手,23,O,右右,埼玉,日本,BS,173.6,85.3,7021,5
441,緒方 博久,投手,20,A,左左,沖縄,日本,BS,180.9,83.5,676,3
442,杉本 智也,捕手,19,O,右右,兵庫,日本,BS,179.0,69.9,15472,17
443,岩田 福太郎,投手,32,A,右左,奈良,日本,BS,179.3,86.8,19743,11
444,小暮 尚,投手,29,B,右右,熊本,日本,BS,184.0,72.0,724,3
445,木内 恒男,投手,37,O,右右,京都,日本,BS,178.7,93.5,1633,7
446,川田 徳蔵,内野手,27,O,右右,福島,日本,BS,183.1,88.0,7095,8
447,高松 哲郎,投手,37,A,右右,静岡,日本,BS,173.3,75.9,4414,15
448,高尾 平一,投手,23,AB,右右,岡山,日本,BS,175.9,72.9,1973,2
449,塚本 幸也,投手,26,A,右左,広島,日本,BS,176.7,83.5,14857,4
450,新田 裕之,投手,27,O,右右,静岡,日本,BS,178.7,88.7,4671,7
451,坂田 均,投手,24,O,右左,兵庫,日本,BS,182.7,75.7,6284,10
452,浜口 佐一,捕手,31,AB,右右,北海道,日本,BS,177.2,82.6,1450,4
453,堀越 浩寿,内野手,20,B,右右,静岡,日本,BS,173.7,81.0,2715,4
454,田所 源治,外野手,25,O,右右,滋賀,日本,BS,178.9,77.6,4479,4
455,村山 義男,投手,42,AB,左左,兵庫,日本,BS,180.2,93.7,663,11
456,半田 尚夫,外野手,19,O,右右,岐阜,日本,BS,181.6,76.4,8344,1
457,野中 久,投手,24,AB,左左,和歌山,日本,BS,180.9,91.0,4757,8
458,深田 敏伸,投手,25,A,左左,栃木,日本,BS,175.7,81.7,3514,9
459,葛西 匠弥,投手,28,A,右右,千葉,日本,BS,177.7,78.7,5451,1
460,小関 信雄,内野手,21,B,右右,大阪,日本,BS,180.3,84.2,4569,9
461,木戸 義夫,捕手,34,A,右左,群馬,日本,BS,179.3,83.6,12017,10
462,星 一正,外野手,28,B,右左,福井,日本,BS,181.6,82.7,847,6
463,新川 明彦,投手,39,A,右右,沖縄,日本,BS,191.3,105.9,7327,6
464,杉田 涼生,内野手,28,AB,右右,大阪,日本,BS,177.8,85.2,7639,7
465,柳 孝宏,投手,23,A,右左,神奈川,日本,BS,177.0,82.4,6300,5
466,島本 広志,外野手,19,A,右左,兵庫,日本,BS,175.5,75.4,15841,1
467,細谷 八郎,投手,31,A,左左,兵庫,日本,BS,177.1,79.1,8509,4
468,神戸 七郎,内野手,24,AB,右右,福岡,日本,BS,177.9,84.2,3708,6
469,有賀 忠一,外野手,25,A,右両,大分,日本,BS,178.9,81.4,6541,8
470,藤木 茂,投手,20,A,右右,三重,日本,BS,183.1,76.0,2217,5
471,飯田 龍宏,捕手,25,AB,右右,岡山,日本,BS,183.9,87.5,4818,8
472,赤井 謙信,投手,29,B,右左,大阪,日本,BS,181.7,82.0,6668,3
473,氏家 耕平,投手,22,A,右左,神奈川,日本,BS,178.4,78.0,6009,2
474,大津 和雄,投手,34,B,左左,広島,日本,BS,185.9,81.7,3848,8
475,富田 笙真,投手,25,O,左左,北海道,日本,BS,176.1,86.7,71,3
476,八木 栄二,投手,27,B,右左,愛媛,日本,BS,185.9,99.6,5711,12
477,磯崎 幸司,外野手,32,O,右左,熊本,日本,BS,178.6,85.0,3531,12
478,大下 克彦,内野手,21,O,右左,沖縄,日本,BS,177.6,78.3,3757,3
479,丹野 時雄,投手,27,A,右左,神奈川,日本,BS,179.3,78.2,641,6
480,福沢 省吾,外野手,34,B,左左,大阪,日本,BS,192.9,91.3,2429,10
481,嶋田 修司,投手,30,B,左左,福井,日本,BS,186.6,87.6,7308,2
482,中尾 勝李,投手,31,O,右右,鹿児島,日本,BS,175.5,72.4,12027,7
483,恩田 健匠,外野手,23,不明,右左,茨城,日本,BS,183.4,85.3,9550,1
484,大崎 紀夫,投手,23,AB,右右,千葉,日本,BS,187.5,92.3,14826,12
485,梶 辰也,捕手,19,B,右右,愛知,日本,BS,173.0,83.0,1489,7
486,加瀬 和秀,投手,23,B,右右,石川,日本,BS,189.9,94.6,7689,7
487,山脇 啓一,内野手,22,B,右右,大分,日本,BS,184.5,70.5,3338,13
488,落合 晴彦,投手,25,B,右左,新潟,日本,BS,174.0,75.3,12262,8
489,岩瀬 朗,投手,24,A,右右,兵庫,日本,BS,184.0,81.9,8241,13
490,滝口 紀幸,内野手,25,B,右右,大阪,日本,BS,178.0,78.0,8384,4
491,川口 信也,投手,25,B,右右,東京,日本,BS,171.0,85.9,2065,0
492,山岸 庄一,内野手,23,AB,右左,埼玉,日本,BS,186.0,101.6,15429,15
493,宮田 晃年,投手,27,B,右右,群馬,日本,BS,174.5,68.3,6665,4
494,三輪 喜久治,投手,27,O,右右,台湾,日本,BS,185.1,85.7,13537,7
495,石倉 明宏,外野手,30,B,右右,徳島,日本,BS,185.8,84.0,6521,6
496,川口 透羽,捕手,22,O,右左,大阪,日本,BS,167.2,73.0,7362,1
497,清田 丈夫,投手,30,O,右右,大阪,日本,BS,186.8,97.9,4367,2
498,佐川 勝昭,外野手,22,A,右左,熊本,日本,BS,173.4,82.0,9345,8
499,百瀬 克己,外野手,22,B,右左,神奈川,日本,BS,181.1,84.9,523,0
500,細田 文隆,投手,22,O,右右,兵庫,日本,BS,174.3,80.7,11843,4
501,斉藤 利吉,捕手,22,O,右右,静岡,日本,BS,177.2,75.1,13097,5
502,河内 昌,内野手,40,B,右左,東京,日本,M,181.9,79.1,6617,8
503,梅本 和人,外野手,36,O,右右,奈良,日本,M,189.6,90.1,4964,8
504,松尾 武治,外野手,36,A,右右,千葉,日本,M,170.6,77.8,7090,3
505,三上 安弘,外野手,21,B,左左,大阪,日本,M,177.7,83.8,13129,9
506,池田 広吉,外野手,34,A,右左,石川,日本,M,175.4,78.5,4190,7
507,吉岡 政夫,内野手,28,O,右左,岡山,日本,M,186.7,87.8,15598,1
508,陳 星空,内野手,22,A,右左,大阪,日本,M,177.8,81.3,4029,11
509,高村 幸雅,外野手,33,AB,右左,神奈川,日本,M,180.2,86.5,5855,15
510,梅本 公彦,内野手,29,A,右右,兵庫,日本,M,174.4,77.3,11854,7
511,大村 直人,投手,27,O,右右,東京,日本,M,181.9,78.2,13973,10
512,山城 孝幸,投手,33,A,右右,富山,日本,M,185.6,80.0,11494,3
513,服部 義光,内野手,24,A,右左,宮城,日本,M,184.3,89.1,9326,15
514,宮島 勇次,投手,35,O,右左,茨城,日本,M,186.3,84.3,5245,10
515,花田 卓雄,投手,23,AB,右右,青森,日本,M,173.4,74.9,9864,4
516,菅沼 孝男,投手,20,O,右右,岩手,日本,M,182.7,82.8,4715,6
517,稲垣 義孝,投手,26,O,右右,鹿児島,日本,M,173.4,78.9,1595,11
518,影山 俊治,投手,32,O,右右,千葉,日本,M,177.8,85.1,11005,10
519,新川 厚吉,投手,30,O,右右,神奈川,日本,M,175.6,83.8,2426,0
520,門脇 真哉,捕手,27,A,右右,大阪,日本,M,168.4,72.4,12780,4
521,木田 正次郎,内野手,30,A,右右,大阪,日本,M,185.6,75.9,10143,8
522,亀井 茂志,投手,25,B,右右,和歌山,日本,M,178.4,72.6,4921,11
523,内田 昭二,外野手,30,B,右右,岡山,日本,M,165.6,68.4,4586,6
524,根岸 宗雄,投手,26,B,左左,北海道,日本,M,181.9,91.7,13299,17
525,川田 長平,投手,33,O,左左,香川,日本,M,179.3,83.0,4808,8
526,陳 幸真,投手,30,A,右右,富山,日本,M,181.4,89.4,12117,12
527,益子 賢三,投手,31,O,右右,茨城,日本,M,172.4,78.8,11171,9
528,都築 利男,外野手,28,A,右左,東京,日本,M,178.9,80.8,13414,10
529,寺西 日出男,捕手,24,B,右左,福島,日本,M,181.4,93.2,6920,3
530,正木 謙三,投手,33,A,右右,和歌山,日本,M,190.1,90.8,7245,5
531,池本 忠一,投手,26,B,左左,大阪,日本,M,193.3,88.5,7727,10
532,五味 福太郎,投手,23,A,左左,茨城,日本,M,179.3,85.1,2062,7
533,大宮 勝,内野手,36,O,右右,奈良,日本,M,184.1,79.8,1766,0
534,大前 優起,投手,25,AB,右右,福岡,日本,M,182.5,82.1,208,6
535,河合 久典,外野手,24,A,右左,神奈川,日本,M,187.8,99.5,5723,13
536,西川 金之助,捕手,30,O,右右,千葉,日本,M,178.5,75.2,1401,4
537,沖 英夫,内野手,24,A,右左,大阪,日本,M,174.9,84.2,17337,7
538,川名 孝太郎,投手,24,B,左左,秋田,日本,M,173.5,75.6,12133,6
539,黒田 陽治,投手,25,O,左左,埼玉,日本,M,183.6,82.7,5889,0
540,矢沢 貢,内野手,32,A,右右,広島,日本,M,178.4,72.8,11286,5
541,浅見 周二,捕手,27,O,右右,兵庫,日本,M,177.8,82.8,3879,5
542,李 信孝,投手,25,O,右右,石川,日本,M,181.3,80.6,3693,12
543,山本 孝,投手,34,A,右右,石川,日本,M,174.2,75.8,1078,12
544,奥田 雅博,投手,25,A,左左,長崎,日本,M,183.0,85.7,21613,8
545,内藤 泰夫,投手,24,A,左左,北海道,日本,M,184.3,89.3,3611,6
546,門田 弦太,内野手,27,O,右右,神奈川,日本,M,191.7,79.8,2325,7
547,大河原 義一,外野手,21,A,右右,大阪,日本,M,182.4,87.7,7946,5
548,草野 広志,投手,32,B,右右,和歌山,日本,M,173.6,87.4,10116,6
549,佐々木 晴夫,捕手,29,B,右右,広島,日本,M,186.6,89.1,3360,4
550,岸田 仁一,投手,19,AB,右左,兵庫,日本,M,184.6,86.1,7728,11
551,内村 章一,内野手,23,O,右左,群馬,日本,M,184.0,90.5,535,5
552,川口 誠二,投手,24,O,右右,北海道,日本,M,180.5,77.5,3141,2
553,島田 達郎,外野手,19,A,右右,千葉,日本,M,185.5,84.9,9711,1
554,筒井 慶太,投手,20,O,右右,東京,日本,M,181.0,92.7,5573,3
555,磯崎 忠吉,内野手,32,A,右左,佐賀,日本,M,184.8,98.5,224,6
556,金丸 豊治,投手,28,A,左左,大分,日本,M,178.3,84.3,6838,11
557,米田 義信,外野手,23,B,左左,埼玉,日本,M,176.0,74.2,4070,1
558,川島 章司,投手,33,A,右左,沖縄,日本,M,188.2,87.8,13555,8
559,峰 徳男,投手,21,O,右右,千葉,日本,M,166.0,71.8,2963,7
560,藤村 矩之,捕手,29,B,右右,三重,日本,M,175.5,69.4,12437,4
561,秋本 栄吉,内野手,24,O,右右,神奈川,日本,M,180.4,86.8,6345,8
562,加藤 昇,内野手,22,A,右右,福島,日本,M,180.4,66.9,6962,9
563,井口 十三,投手,21,O,右右,愛媛,日本,M,181.9,83.2,17167,3
564,船橋 陽保,投手,30,A,右右,大阪,日本,M,183.9,87.4,6097,8
565,平良 清太郎,捕手,24,AB,右右,大阪,日本,M,175.2,68.1,7419,5
566,津村 孝吉,捕手,28,A,右右,茨城,日本,M,180.0,85.4,2411,4
567,谷本 昌男,投手,23,A,右右,千葉,日本,M,176.8,71.1,4486,5
568,相馬 浩之,捕手,19,AB,右右,島根,日本,M,185.7,86.6,15001,6
569,島田 和徳,投手,22,A,右左,宮崎,日本,M,188.6,82.5,110,9
570,笹川 龍也,外野手,19,A,右右,鳥取,日本,M,181.9,82.6,546,5
571,保坂 信太郎,投手,24,B,右右,茨城,日本,M,176.0,78.4,3871,7
572,三木 広吉,投手,23,B,左左,東京,日本,M,179.7,81.5,1505,7
573,児玉 希理都,内野手,26,O,右左,兵庫,日本,E,183.8,91.1,13068,11
574,花岡 巧生,投手,26,A,左左,神奈川,日本,E,175.4,78.5,785,7
575,布施 友洋,捕手,25,O,右右,岡山,日本,E,167.7,82.0,7101,7
576,成田 峰雄,内野手,31,O,右右,大阪,日本,E,184.4,92.7,9901,5
577,黒岩 英一,外野手,24,O,右右,東京,日本,E,169.1,84.5,7108,10
578,沖 満,内野手,28,O,右左,東京,日本,E,170.6,71.4,3146,3
579,青柳 静雄,内野手,39,O,右左,徳島,日本,E,181.6,75.8,2856,2
580,橋爪 貞夫,内野手,32,O,右左,静岡,日本,E,176.0,73.9,1007,3
581,森永 重彦,内野手,28,AB,右右,大阪,日本,E,185.6,83.2,18850,7
582,波多野 昇,外野手,25,A,右左,兵庫,日本,E,185.4,85.5,1409,6
583,鵜飼 奏裕,投手,37,A,右右,宮城,日本,E,183.0,85.6,18474,3
584,中川 恭一,投手,30,AB,右左,広島,日本,E,174.1,75.2,4043,5
585,宮田 雅典,投手,31,A,右左,滋賀,日本,E,176.0,72.1,13040,5
586,伊東 浩次,投手,27,AB,左左,福岡,日本,E,183.8,90.4,7344,3
587,門脇 喬,投手,35,A,右右,千葉,日本,E,184.2,90.8,14669,13
588,笠井 忠司,投手,21,不明,左左,台湾,日本,E,181.5,81.8,4467,6
589,森谷 意玖斗,投手,33,A,左左,大阪,日本,E,169.4,86.9,5918,9
590,明石 冴仁,投手,33,A,右右,兵庫,日本,E,180.3,81.1,6753,3
591,泉 三朗,投手,23,O,右右,千葉,日本,E,172.2,60.3,3479,4
592,小関 成良,投手,25,A,右左,愛媛,日本,E,186.8,100.4,9741,5
593,榊原 洋文,投手,23,B,左左,千葉,日本,E,178.5,93.6,15985,3
594,三上 亨,投手,37,A,右右,静岡,日本,E,167.5,78.0,14147,10
595,千葉 勝,投手,27,AB,左左,栃木,日本,E,191.2,86.9,2595,1
596,奥田 新治,内野手,20,B,右左,奈良,日本,E,183.2,78.9,3115,5
597,滝本 吉彦,外野手,27,A,右両,福岡,日本,E,189.2,96.6,5777,5
598,大津 長吉,捕手,34,O,右右,京都,日本,E,175.9,82.6,300,0
599,尾形 謙治,外野手,32,B,右左,群馬,日本,E,178.1,83.3,4153,11
600,前田 清一郎,投手,29,A,右右,大阪,日本,E,174.6,81.7,4410,10
601,本田 達行,投手,23,AB,右右,神奈川,日本,E,174.8,90.0,11315,7
602,鮫島 哲二,内野手,28,O,右右,東京,日本,E,182.3,86.3,5104,6
603,川本 好夫,投手,34,A,右右,岡山,日本,E,185.9,87.3,2176,1
604,志賀 宏寿,内野手,33,A,右左,岩手,日本,E,180.4,84.2,8656,2
605,富山 浩司,内野手,26,AB,右左,福岡,日本,E,186.6,85.0,3554,4
606,佐久間 富士夫,外野手,32,B,左左,石川,日本,E,187.0,85.4,5351,9
607,川島 孝明,内野手,26,O,右右,福島,日本,E,178.0,79.8,9520,5
608,城戸 健,外野手,27,A,右右,滋賀,日本,E,181.6,89.6,7759,8
609,三橋 寿,投手,21,B,右右,岡山,日本,E,171.5,77.4,9877,7
610,宮坂 明夫,投手,23,A,右右,沖縄,日本,E,177.3,87.1,606,4
611,高沢 直樹,投手,28,A,右右,石川,日本,E,190.6,94.3,11699,11
612,大庭 康生,投手,29,不明,右左,台湾,日本,E,178.6,91.4,5310,8
613,小西 卓也,捕手,32,A,右右,東京,日本,E,180.8,74.3,7918,3
614,保田 治彦,投手,26,A,左左,山梨,日本,E,183.8,94.4,5673,10
615,広田 俊文,外野手,33,A,右右,神奈川,日本,E,170.0,83.6,9036,9
616,長嶋 芳太郎,投手,25,O,左左,神奈川,日本,E,174.4,80.5,13,0
617,宇都宮 雄二,内野手,25,A,右左,神奈川,日本,E,177.4,75.1,5283,5
618,川西 勝美,投手,24,B,右右,千葉,日本,E,179.0,77.4,8475,2
619,吉野 秀一,外野手,20,A,左左,福岡,日本,E,179.4,80.7,1713,7
620,石垣 忠彦,外野手,25,O,右左,岡山,日本,E,185.8,76.7,2955,5
621,永田 忠雄,投手,24,不明,右右,千葉,日本,E,177.0,76.5,5443,8
622,平賀 英実,投手,23,A,右右,岡山,日本,E,180.4,95.1,17680,12
623,若松 草太郎,外野手,26,O,右右,高知,日本,E,177.3,80.5,4893,9
624,中谷 友一,捕手,29,O,右左,京都,日本,E,178.6,95.5,8477,10
625,松浦 克己,投手,25,A,左左,神奈川,日本,E,188.1,77.2,1311,1
626,上原 和徳,投手,27,A,右右,滋賀,日本,E,181.8,86.6,16853,5
627,中嶋 徳三郎,投手,31,A,左左,福岡,日本,E,180.7,95.2,21257,5
628,花井 栄伸,投手,27,O,右左,大阪,日本,E,174.8,79.1,3563,4
629,高瀬 日出男,投手,30,A,右左,大阪,日本,E,182.5,80.6,5433,9
630,前野 草太郎,投手,21,O,左左,山形,日本,E,174.9,74.9,5568,7
631,相馬 清次,投手,25,B,右右,大阪,日本,E,182.6,95.1,6189,12
632,森島 信太郎,内野手,19,A,右右,大阪,日本,E,171.7,77.7,8397,3
633,河上 隆文,投手,32,B,右右,島根,日本,E,184.4,79.9,5556,2
634,古田 哲史,捕手,24,A,右左,静岡,日本,E,185.4,97.8,7042,6
635,中村 弥太郎,内野手,24,O,右右,大阪,日本,E,179.5,77.3,3096,10
636,尾上 米吉,捕手,27,B,右右,山形,日本,E,173.6,86.5,63,5
637,鎌田 秀夫,投手,29,B,右右,福岡,日本,E,177.6,82.2,13097,13
638,志田 俊二,投手,19,O,右左,大阪,日本,E,180.3,95.2,2634,5
639,石黒 孝一,捕手,22,A,右右,京都,日本,E,188.1,88.4,6712,10
640,高岡 玄兎,投手,29,A,左左,新潟,日本,E,181.4,80.1,23305,12
641,安藤 重彦,捕手,20,O,右右,兵庫,日本,E,186.1,80.6,1179,10
642,村上 幹男,投手,21,A,右左,千葉,日本,E,171.7,81.2,2380,2
643,中里 明弘,投手,27,A,右左,滋賀,日本,E,182.9,93.9,5076,6
644,朝倉 一希,捕手,20,B,右右,大分,日本,E,184.6,80.9,1207,5
645,堀内 四郎,投手,20,A,右左,鹿児島,日本,E,182.2,78.6,846,1
646,都築 亀次郎,内野手,26,O,右左,東京,日本,E,185.1,81.3,166,3
647,前川 清志,内野手,19,A,右左,愛知,日本,E,180.4,86.2,5650,9
648,大滝 英実,投手,24,O,右右,神奈川,日本,E,176.2,80.3,973,9
649,門田 新一郎,内野手,24,B,右左,大分,日本,H,177.6,93.3,11090,10
650,梅田 優斗,内野手,31,O,右左,兵庫,日本,H,178.3,80.0,2899,6
651,亀山 清次,内野手,38,B,右右,滋賀,日本,H,174.0,86.1,10804,7
652,中島 晴夫,内野手,30,O,右右,大分,日本,H,180.9,62.4,2208,1
653,荒木 堅助,外野手,32,O,左左,埼玉,日本,H,176.5,72.6,9281,8
654,菊地 大和,内野手,36,B,右左,北海道,日本,H,177.2,76.0,7428,2
655,中嶋 泰佑,外野手,33,AB,右左,広島,日本,H,181.9,74.7,6336,4
656,川井 貫一,投手,26,A,左左,熊本,日本,H,183.7,81.7,8234,11
657,浅沼 桜歌,投手,24,O,右右,和歌山,日本,H,185.4,88.3,4341,7
658,中井 央一郎,捕手,40,O,右左,栃木,日本,H,188.5,89.1,8382,12
659,小池 文一,外野手,29,A,右右,福岡,日本,H,184.1,79.4,8001,3
660,江田 修一,投手,31,A,右右,沖縄,日本,H,177.3,81.8,9494,8
661,小泉 靖夫,投手,32,O,右右,千葉,日本,H,184.1,91.7,6108,6
662,砂川 尊,投手,28,B,右右,宮崎,日本,H,193.1,98.3,12805,14
663,保田 泰夫,捕手,29,O,右右,大分,日本,H,171.5,80.4,6358,1
664,平沢 伸夫,投手,25,A,右左,兵庫,日本,H,188.1,84.1,8952,3
665,菅井 孝男,投手,40,O,左左,島根,日本,H,184.4,86.3,3543,9
666,志賀 克巳,捕手,19,O,右左,神奈川,日本,H,183.8,84.5,817,1
667,藤本 匡弘,内野手,26,A,右左,群馬,日本,H,182.2,75.7,7999,3
668,猪股 利之,外野手,37,AB,右左,山形,日本,H,190.0,91.9,1767,3
669,金谷 俊範,投手,27,不明,右右,神奈川,日本,H,177.2,84.9,7760,14
670,井本 健太,投手,26,O,右右,千葉,日本,H,188.3,96.7,11762,6
671,小畑 良明,投手,30,O,右右,東京,日本,H,178.0,79.9,3482,0
672,福永 寿,外野手,23,AB,右右,兵庫,日本,H,179.8,89.7,1704,3
673,陳 充,捕手,25,A,右左,福井,日本,H,179.6,93.0,1812,6
674,小川 広吉,外野手,24,B,右左,茨城,日本,H,178.5,81.1,2286,13
675,森下 忠正,内野手,22,O,右右,長崎,日本,H,179.0,94.5,10649,11
676,井口 茂,投手,26,A,右右,新潟,日本,H,188.6,85.4,3891,5
677,富岡 尚司,内野手,29,A,右左,福岡,日本,H,178.2,79.2,721,2
678,古川 蓮,投手,30,A,右右,徳島,日本,H,176.2,60.3,4907,4
679,三輪 典大,投手,22,O,右左,宮城,日本,H,183.1,90.9,2032,7
680,大井 繁雄,投手,24,A,右右,静岡,日本,H,177.9,85.8,18809,13
681,橋爪 信男,投手,29,A,右左,愛知,日本,H,186.7,91.6,11085,5
682,北尾 義則,投手,24,A,左左,茨城,日本,H,180.2,89.8,1583,3
683,若松 隆二,内野手,19,A,右右,大阪,日本,H,182.4,98.5,1810,8
684,船越 学,外野手,19,A,左左,神奈川,日本,H,183.8,85.5,6343,3
685,山元 平一,捕手,24,B,右左,愛知,日本,H,181.1,85.2,8204,11
686,横山 利三郎,内野手,19,O,右右,岩手,日本,H,176.2,86.0,7892,8
687,柴田 直義,投手,24,A,右右,岐阜,日本,H,186.1,88.8,1390,4
688,大井 道男,投手,30,B,左左,新潟,日本,H,183.1,85.9,3270,2
689,宇都宮 知治,投手,23,A,左左,北海道,日本,H,171.2,79.9,485,5
690,小栗 菊男,投手,26,AB,右右,徳島,日本,H,185.5,84.2,4624,1
691,浅見 金作,外野手,26,O,右左,埼玉,日本,H,170.9,71.9,459,9
692,柴田 重一,内野手,22,O,右右,沖縄,日本,H,186.8,90.2,1320,9
693,古沢 茂男,投手,24,A,右右,石川,日本,H,182.1,85.4,6206,3
694,村井 哲星,内野手,21,O,右右,兵庫,日本,H,174.9,86.8,8145,3
695,畑 一郎,投手,22,O,左左,福岡,日本,H,172.7,83.9,458,7
696,石坂 隆雄,投手,32,O,左左,沖縄,日本,H,177.4,92.8,14018,9
697,横山 比呂,外野手,20,A,右右,愛知,日本,H,182.7,76.7,3026,0
698,根本 清次郎,外野手,28,B,右左,長崎,日本,H,182.8,88.9,10004,9
699,藤村 恒夫,投手,29,B,右右,大分,日本,H,178.8,83.7,21862,13
700,倉持 心翔,捕手,24,O,右右,岡山,日本,H,178.7,90.3,2400,4
701,大和田 基良,投手,30,O,左左,福岡,日本,H,176.8,84.4,3257,9
702,平林 克彦,外野手,27,B,右右,京都,日本,H,190.2,79.5,1926,3
703,坂元 礼吏,捕手,23,A,右右,大阪,日本,H,178.5,79.5,3104,8
704,倉持 憲一,投手,25,A,右左,神奈川,日本,H,184.9,100.1,3124,0
705,西村 達志,投手,24,AB,左左,大分,日本,H,187.5,105.5,19013,1
706,塩田 友和,内野手,22,A,右左,埼玉,日本,H,183.5,91.3,3765,3
707,大下 駿,内野手,20,A,右右,北海道,日本,H,180.9,88.6,511,11
708,野沢 斎,投手,19,B,右左,大阪,日本,H,179.0,85.2,11405,7
709,菅谷 輝心,捕手,21,A,右左,熊本,日本,H,173.9,71.7,10864,8
710,重田 昌也,内野手,38,A,右右,長崎,日本,H,179.4,86.2,9826,1
711,田島 定夫,投手,23,AB,左左,秋田,日本,H,180.7,73.3,5310,11
712,堀井 啓文,捕手,20,B,右右,秋田,日本,H,186.4,93.2,2588,2
713,榊原 公一,投手,23,O,左左,青森,日本,H,179.4,65.2,6270,7
714,三橋 力,投手,19,A,右右,熊本,日本,H,169.5,75.9,12187,5
715,渡部 五郎,外野手,19,O,左左,滋賀,日本,H,185.1,78.8,3615,8
716,麻生 優太,内野手,24,O,右右,大阪,日本,H,175.2,69.4,5855,8
717,坂野 駿斗,内野手,23,A,右左,宮崎,日本,H,188.8,88.5,13039,14
718,大山 啓二,内野手,20,A,右右,大阪,日本,H,177.3,91.5,4997,5
719,久野 秀吉,捕手,19,O,右右,和歌山,日本,H,176.8,84.0,1092,5
720,西野 和島,内野手,20,B,右左,沖縄,日本,H,177.1,81.1,6432,2
721,中原 重吉,外野手,20,O,右右,福岡,日本,H,174.2,81.7,1149,3
722,大槻 丈人,投手,25,B,左左,千葉,日本,H,169.3,81.1,1787,7
723,河田 四郎,投手,19,A,左左,沖縄,日本,H,175.5,90.9,3047,1
724,野沢 忠司,内野手,20,A,右右,熊本,日本,H,178.0,83.5,14141,9
725,大高 辰雄,投手,23,O,右右,千葉,日本,H,182.4,92.4,12701,2
726,吉崎 睦夫,投手,25,O,右右,千葉,日本,H,172.4,89.8,7209,6
727,谷 啓文,投手,21,AB,右右,山形,日本,H,168.5,66.3,3330,9
728,高嶋 達行,外野手,21,O,右右,大分,日本,H,183.2,84.3,2337,4
729,浜崎 保雄,投手,20,AB,左左,山形,日本,H,179.2,87.7,5315,10
730,森脇 浩寿,投手,33,A,右右,群馬,日本,F,183.9,80.7,5751,1
731,大村 清次郎,内野手,31,B,右両,東京,日本,F,178.2,86.0,993,1
732,浜田 松夫,外野手,28,不明,右左,台湾,日本,F,177.5,75.7,15450,4
733,深田 俊哉,外野手,29,B,右左,三重,日本,F,191.2,86.7,546,9
734,高沢 静夫,外野手,31,O,右右,広島,日本,F,173.2,94.0,5306,11
735,鶴田 武志,外野手,29,A,右左,和歌山,日本,F,176.1,80.1,2790,6
736,明石 紫庵,外野手,28,O,右左,千葉,日本,F,187.4,93.9,2100,4
737,島 正記,内野手,31,A,右左,福岡,日本,F,179.5,84.5,3766,1
738,田川 敏雄,捕手,25,A,右右,山口,日本,F,187.2,95.3,6615,10
739,鶴岡 篤,外野手,28,AB,右右,埼玉,日本,F,172.4,74.9,8706,7
740,湯川 有正,投手,27,A,右右,茨城,日本,F,171.7,76.5,39,8
741,唐沢 力男,投手,29,AB,左左,千葉,日本,F,188.0,87.8,11020,10
742,柴田 光夫,投手,28,A,右右,千葉,日本,F,181.6,80.0,639,7
743,吉沢 政春,投手,24,O,右左,北海道,日本,F,174.0,73.0,17661,6
744,畠山 縁,投手,21,AB,右右,秋田,日本,F,172.9,74.7,27897,18
745,松浦 大輔,投手,38,O,右左,新潟,日本,F,175.1,83.9,2465,1
746,相原 政義,投手,27,A,左左,沖縄,日本,F,180.6,88.8,10517,8
747,加瀬 柚李,内野手,22,O,右左,東京,日本,F,171.9,65.8,6072,6
748,猪俣 安弘,捕手,40,A,右右,鹿児島,日本,F,183.8,74.5,1178,13
749,西岡 信男,内野手,26,B,右右,茨城,日本,F,189.5,98.7,9701,5
750,宮沢 和仁,投手,36,O,左左,兵庫,日本,F,183.1,92.0,15518,11
751,荻野 夏也,外野手,25,B,右左,東京,日本,F,185.6,80.8,13069,12
752,馬場 三郎,捕手,23,A,右左,福岡,日本,F,176.9,84.4,1377,5
753,江口 静流,投手,23,O,左左,徳島,日本,F,180.5,77.9,11810,15
754,矢田 範明,投手,28,O,右右,神奈川,日本,F,174.0,81.6,3203,7
755,長岡 好夫,捕手,28,O,右左,千葉,日本,F,187.3,83.3,7987,9
756,池谷 玲二,投手,36,O,右左,大阪,日本,F,173.9,73.9,5238,5
757,安川 洋晶,内野手,31,B,右右,石川,日本,F,176.1,77.1,5748,11
758,浅田 市郎,投手,23,O,右右,愛知,日本,F,179.8,87.1,13567,10
759,小笠原 勇治,投手,23,A,左左,広島,日本,F,179.6,92.0,14969,1
760,岩崎 正信,投手,28,O,右右,和歌山,日本,F,182.7,86.7,4452,5
761,大川 忠志,投手,21,A,右右,佐賀,日本,F,186.0,86.9,2697,6
762,吉崎 二郎,内野手,27,O,右左,栃木,日本,F,185.0,100.3,532,6
763,染谷 邦雄,投手,32,A,右右,東京,日本,F,181.5,86.0,469,7
764,森岡 勇次,投手,25,A,左左,北海道,日本,F,184.0,86.4,4374,1
765,川野 彰,投手,26,A,右左,福井,日本,F,185.3,89.8,42,6
766,星 義隆,外野手,33,O,右右,東京,日本,F,174.5,89.9,4786,5
767,持田 俊樹,投手,22,A,右左,大分,日本,F,187.7,90.3,4739,10
768,内村 英彦,投手,24,O,右左,千葉,日本,F,171.5,88.2,8160,6
769,町田 孝雄,内野手,20,A,右右,大阪,日本,F,179.7,91.1,4459,3
770,須藤 堅助,内野手,25,AB,右右,北海道,日本,F,181.3,91.7,1395,7
771,本郷 友吉,外野手,23,B,右左,埼玉,日本,F,178.0,89.9,5544,1
772,岡島 喜太郎,投手,25,A,右右,山形,日本,F,182.4,95.9,16671,9
773,津田 広,投手,27,B,右右,佐賀,日本,F,181.4,75.4,464,8
774,皆川 金次郎,投手,29,A,右右,北海道,日本,F,178.9,85.2,24046,11
775,長尾 孝次,内野手,22,B,右左,岡山,日本,F,173.2,87.1,25373,12
776,奥 眞幸,内野手,19,A,右左,京都,日本,F,183.1,82.5,9050,4
777,小池 銀蔵,投手,29,A,右右,北海道,日本,F,174.3,88.6,10693,13
778,竹村 敏彦,投手,29,O,右右,福岡,日本,F,182.9,84.5,15279,8
779,若松 晃一朗,投手,18,O,左左,北海道,日本,F,192.2,91.1,22054,14
780,田代 保夫,捕手,23,B,右右,東京,日本,F,185.9,86.1,4455,6
781,塩田 寿晴,外野手,25,A,右右,北海道,日本,F,174.0,88.7,15901,9
782,影山 敏夫,投手,24,O,右右,千葉,日本,F,179.0,74.4,1864,13
783,宮川 基一,投手,22,AB,左左,栃木,日本,F,176.7,83.2,5667,9
784,乾 徳康,捕手,21,A,右左,千葉,日本,F,180.4,82.9,6654,1
785,庄司 紀之,捕手,23,A,右右,広島,日本,F,180.1,72.0,4482,0
786,石村 政吉,外野手,21,A,右右,東京,日本,F,179.6,85.8,385,1
787,富岡 正二,外野手,24,O,右左,北海道,日本,F,173.6,68.2,7115,2
788,相原 慎一郎,捕手,26,O,右右,神奈川,日本,F,180.5,91.3,4789,4
789,土谷 好雄,外野手,24,A,右両,鹿児島,日本,F,185.6,89.9,10115,6
790,山下 修一,内野手,23,A,右左,岐阜,日本,F,183.7,83.3,12393,3
791,日下部 忠夫,内野手,25,B,右右,佐賀,日本,F,180.2,82.8,19080,14
792,露木 政男,内野手,27,A,右右,神奈川,日本,F,172.5,79.4,2725,7
793,土屋 恵三,投手,19,A,右右,岩手,日本,F,187.0,102.8,15007,8
794,江頭 克哉,投手,23,B,右右,千葉,日本,F,178.3,88.5,1450,11
795,新垣 広幸,外野手,26,A,右左,東京,日本,F,175.8,84.2,2231,6
796,福田 孝宏,投手,23,O,左左,大阪,日本,F,179.6,79.6,10936,7
797,土谷 晃一朗,投手,26,A,右右,宮城,日本,F,175.8,82.4,6752,1
798,古谷 優志,投手,24,B,右右,大阪,日本,F,186.2,92.7,16297,13
799,内藤 政次,外野手,38,O,右左,兵庫,日本,L,169.1,65.9,1307,5
800,沢田 喜三郎,捕手,32,B,右右,奈良,日本,L,186.0,80.4,3734,2
801,山中 信生,内野手,30,A,右右,沖縄,日本,L,181.7,93.7,1381,5
802,喜多 栄三郎,内野手,27,AB,右右,東京,日本,L,184.5,84.8,3312,9
803,山脇 明夫,内野手,29,O,右右,青森,日本,L,175.2,77.0,1757,11
804,小寺 哲郎,内野手,29,O,右左,大分,日本,L,180.3,94.5,11312,10
805,大久保 由夫,外野手,31,B,右両,京都,日本,L,181.4,78.9,8505,8
806,大和田 和徳,内野手,23,O,右右,神奈川,日本,L,167.1,78.0,16494,10
807,山内 清司,捕手,26,A,右左,大阪,日本,L,183.6,85.3,738,8
808,雨宮 栄作,投手,23,A,右右,栃木,日本,L,170.3,78.6,2081,5
809,畑 孝二,投手,21,A,右右,埼玉,日本,L,182.2,92.5,1556,8
810,湊 金次,投手,25,B,右右,群馬,日本,L,183.6,80.0,2126,8
811,中沢 敏郎,投手,33,AB,右右,兵庫,日本,L,177.0,84.1,3356,2
812,米田 玄樹,投手,26,O,右右,奈良,日本,L,180.8,81.8,6469,4
813,柴崎 春彦,投手,41,O,右右,東京,日本,L,174.9,68.3,1649,1
814,楠本 毅雄,投手,25,AB,右右,兵庫,日本,L,180.9,92.1,10772,10
815,大坪 毅雄,投手,23,O,左左,鹿児島,日本,L,190.8,94.1,6871,7
816,小笠原 健太,投手,34,O,右右,愛知,日本,L,175.5,89.1,9453,8
817,藤本 隆之,投手,29,A,左左,高知,日本,L,186.0,84.5,3598,5
818,丸田 敬一,投手,30,A,右右,愛知,日本,L,169.5,86.8,5495,6
819,川口 裕次郎,投手,25,B,左左,青森,日本,L,175.7,86.2,4454,1
820,竹原 十郎,投手,39,A,左左,京都,日本,L,177.2,83.2,775,12
821,奥野 茂夫,投手,29,A,右右,京都,日本,L,176.1,82.1,1122,8
822,中塚 正人,投手,30,A,左左,千葉,日本,L,188.9,91.9,3968,5
823,金子 賢,投手,35,AB,左左,鹿児島,日本,L,175.8,87.4,1116,10
824,溝口 佑月,内野手,24,A,右左,福井,日本,L,177.6,90.7,2027,11
825,山岸 博昭,内野手,19,O,右左,東京,日本,L,172.7,74.0,2961,5
826,城戸 伸浩,外野手,23,B,右右,北海道,日本,L,181.4,81.9,3323,3
827,平塚 淳,投手,23,A,右右,千葉,日本,L,174.2,90.1,17570,11
828,大坪 勇里,捕手,24,O,右右,群馬,日本,L,179.9,71.4,8062,8
829,大田 清司,捕手,20,B,右左,石川,日本,L,185.1,91.4,11663,1
830,河内 真治,内野手,28,AB,右左,台湾,日本,L,170.4,80.8,11892,8
831,日高 政義,投手,27,B,右左,兵庫,日本,L,178.0,70.4,15554,5
832,中森 昌利,投手,20,AB,右右,神奈川,日本,L,175.9,85.9,1703,11
833,二瓶 初男,投手,33,O,左左,福岡,日本,L,170.9,84.8,27357,10
834,村木 秀実,投手,26,O,右右,沖縄,日本,L,181.1,72.4,11311,13
835,長沢 俊範,投手,28,A,右右,宮城,日本,L,182.5,95.6,915,8
836,藤井 貴士,外野手,23,O,左左,静岡,日本,L,187.7,100.3,2319,6
837,山城 浩,投手,21,A,右右,埼玉,日本,L,177.3,89.1,2069,10
838,市村 与四郎,投手,32,A,左左,北海道,日本,L,172.2,83.4,2086,6
839,川崎 康朗,内野手,23,O,右右,沖縄,日本,L,179.3,82.9,5381,1
840,星野 悦太郎,投手,27,B,右右,茨城,日本,L,180.5,86.9,21392,10
841,木村 朝葵,外野手,22,A,右左,大阪,日本,L,174.9,87.3,7831,10
842,的場 貴英,内野手,25,A,右右,佐賀,日本,L,178.5,81.9,2418,8
843,千葉 誠一,外野手,24,O,右右,大阪,日本,L,189.9,94.6,1084,6
844,米田 勝昭,内野手,20,AB,右両,熊本,日本,L,167.7,64.6,5363,7
845,北沢 孝利,投手,26,A,左左,東京,日本,L,177.3,89.6,8173,1
846,滝本 裕之,外野手,32,O,右右,愛媛,日本,L,184.6,86.7,10770,12
847,川瀬 大地,投手,23,A,右右,福岡,日本,L,174.7,77.8,12382,10
848,田中 颯,内野手,38,O,右右,大阪,日本,L,174.8,77.9,2516,3
849,梶田 昌一郎,投手,22,O,右左,沖縄,日本,L,182.1,80.3,4584,1
850,石山 泉澄,捕手,28,O,右右,京都,日本,L,187.4,92.1,3655,10
851,須賀 邦久,内野手,22,A,右左,新潟,日本,L,165.7,68.8,5612,7
852,福井 貞,投手,21,B,右右,沖縄,日本,L,178.7,82.1,7332,10
853,野田 和弥,外野手,25,B,右左,北海道,日本,L,186.5,96.6,2707,5
854,中山 時男,外野手,19,A,右左,栃木,日本,L,185.2,82.8,4635,6
855,長田 利平,投手,24,A,右右,山形,日本,L,175.9,69.1,839,1
856,黒崎 良平,外野手,25,A,右右,兵庫,日本,L,180.6,76.0,529,2
857,有田 優雅,投手,23,O,右右,長野,日本,L,174.8,70.6,1547,0
858,井沢 俊男,外野手,28,A,左左,北海道,日本,L,179.0,76.2,3158,6
859,塩崎 孝吉,外野手,22,B,右左,福岡,日本,L,186.1,90.6,127,2
860,矢口 哲朗,捕手,26,A,右左,北海道,日本,L,177.6,79.5,5714,2
861,飛田 康朗,投手,28,B,右右,沖縄,日本,L,190.4,93.4,5330,9
862,真鍋 嘉之,投手,24,A,右右,栃木,日本,L,180.3,77.9,7370,3
863,河野 敏行,投手,23,A,右右,秋田,日本,L,179.2,88.4,388,2
864,橋本 悠音,内野手,19,B,右右,京都,日本,L,177.6,81.0,342,2
865,玉木 友一,外野手,22,O,右右,三重,日本,L,176.7,85.6,2458,3
866,大沢 良治,投手,19,B,右右,埼玉,日本,L,186.9,97.0,4166,2
867,春日 芳太郎,投手,25,B,左左,福岡,日本,L,178.7,87.0,7820,15
868,江田 敦,投手,21,A,右右,北海道,日本,L,174.2,79.7,10767,10
869,中野 善四郎,捕手,25,A,右左,熊本,日本,L,183.5,78.4,3117,0
870,アーロン,内野手,29,不明,右右,ベネズエラ,海外,S,190.0,97.1,17252,2
871,エイベル,投手,36,不明,右右,オランダ,海外,S,199.5,103.1,3387,4
872,エイブラハム,外野手,29,不明,右右,ドミニカ共和国,海外,S,185.9,96.7,222,2
873,エイブラム,投手,32,不明,右右,アメリカ,海外,S,189.3,106.4,1685,3
874,アダム,投手,32,不明,右右,ベネズエラ,海外,S,186.7,93.0,4504,2
875,アドルフ,投手,29,不明,右右,アメリカ,海外,S,183.2,83.2,7365,0
876,エイドリアン,投手,26,不明,左左,ドミニカ共和国,海外,S,194.1,98.9,16971,4
877,アラン,外野手,31,不明,右両,アメリカ,海外,T,181.4,90.5,31410,7
878,アラスター（アラステア）,内野手,30,不明,右右,ドミニカ共和国,海外,T,190.2,107.5,13829,1
879,アルバート,投手,34,不明,右右,アメリカ,海外,T,191.7,90.3,23630,5
880,アレックス,投手,29,不明,右右,ドミニカ共和国,海外,T,196.3,106.7,12871,5
881,アレグザンダー（アレクサンダー）,投手,30,不明,右右,アメリカ,海外,T,188.3,103.0,33636,4
882,アレクシス,外野手,34,不明,右右,アメリカ,海外,T,190.2,98.0,15791,3
883,アルフ,投手,30,不明,右右,ベネズエラ,海外,T,194.5,98.9,5664,5
884,アルフィー,投手,25,不明,右左,ブラジル,海外,G,185.2,95.9,1887,0
885,アルフレッド,内野手,17,不明,右右,ドミニカ共和国,海外,G,194.6,103.3,9715,2
886,アルジャノン、アルジャーノン,内野手,35,不明,左両,アメリカ,海外,G,181.7,101.7,33308,4
887,アリスター,投手,32,不明,右右,ドミニカ共和国,海外,G,190.9,86.9,12846,3
888,アリスター,外野手,17,不明,右右,ドミニカ共和国,海外,G,180.3,88.1,8343,0
889,アラン,投手,32,不明,右両,ドミニカ共和国,海外,G,187.9,80.4,23690,2
890,アレン,外野手,29,不明,右右,アメリカ,海外,G,189.9,99.5,12265,3
891,アーリン,投手,27,不明,左両,ドミニカ共和国,海外,G,195.7,99.1,9287,2
892,アルヴィン,外野手,35,不明,右左,アメリカ,海外,G,182.5,95.1,14581,2
893,アンブローズ,内野手,35,不明,右右,アメリカ,海外,G,201.2,98.2,9382,6
894,アンドルー（アンドリュー）,投手,29,不明,右右,ブラジル,海外,G,195.1,115.7,19024,3
895,アンディ,内野手,22,不明,右右,ドミニカ共和国,海外,G,192.3,105.5,9599,6
896,アンガス,内野手,29,不明,右右,アメリカ,海外,C,190.3,96.9,4292,4
897,アントニー、アンソニー,投手,26,B,右右,アメリカ,海外,C,182.6,81.8,9002,1
898,アントン,投手,28,不明,左左,アメリカ,海外,C,190.8,103.0,24956,1
899,アントニー,内野手,28,不明,右右,ドミニカ共和国,海外,C,192.7,99.0,13461,3
900,アーチボルド,投手,28,不明,左左,ドミニカ共和国,海外,C,188.9,93.9,7839,1
901,アリエル、エリアル,投手,26,不明,右右,ドミニカ共和国,海外,C,191.9,108.1,24945,4
902,アーノルド,投手,29,不明,右右,リトアニア,海外,C,186.6,89.8,14307,6
903,アーサー,投手,27,不明,左左,ドミニカ共和国,海外,D,189.7,103.8,17648,2
904,アシュリー,捕手,25,不明,右右,キューバ,海外,D,184.8,83.4,7714,0
905,アシュトン,内野手,32,不明,右右,キューバ,海外,D,191.6,90.4,1631,2
906,オーブリー,投手,24,不明,右右,キューバ,海外,D,191.9,90.1,3092,1
907,オーガスト,投手,25,不明,右左,キューバ,海外,D,190.2,98.1,9132,2
908,オーガスタス,外野手,29,不明,右左,アメリカ,海外,D,190.2,102.6,19158,1
909,エイルマー、エルマー,内野手,25,不明,右両,アメリカ,海外,D,192.7,118.2,38279,1
910,ボールドウィン,外野手,30,不明,右右,アメリカ,海外,YB,175.2,88.5,9669,2
911,バーナビー,投手,27,不明,右右,ドミニカ共和国,海外,YB,191.7,101.4,2757,0
912,バーニー,投手,30,不明,右右,アメリカ,海外,YB,191.5,95.4,6402,5
913,バリー,投手,32,不明,右右,アメリカ,海外,YB,184.1,91.1,7798,0
914,バーソロミュー,投手,29,不明,左左,ベネズエラ,海外,YB,175.9,86.6,27745,3
915,バージル、ベイジル,内野手,32,不明,右右,プエルトリコ,海外,YB,186.6,102.4,1324,3
916,ベン,投手,24,不明,左左,ドミニカ共和国,海外,YB,180.1,86.3,4079,4
917,ベネディクト,内野手,26,不明,右両,ドミニカ共和国,海外,YB,189.1,99.4,13903,3
918,ベンジャミン,投手,22,不明,左左,ベネズエラ,海外,YB,182.0,85.1,10374,3
919,バーナード,投手,23,不明,右右,ドミニカ共和国,海外,YB,195.6,108.8,7872,3
920,バート,外野手,30,不明,右左,プエルトリコ,海外,BS,185.2,105.3,19451,0
921,バートランド,外野手,36,不明,右右,アメリカ,海外,BS,184.9,99.6,9495,4
922,ビル,投手,37,不明,右右,アメリカ,海外,BS,188.3,87.5,1242,1
923,ビリー,内野手,29,不明,右右,キューバ,海外,BS,182.3,89.8,18886,3
924,ボブ,投手,30,不明,右右,アメリカ,海外,BS,180.7,79.2,4261,5
925,ボビー,投手,29,不明,右右,アメリカ,海外,BS,187.3,78.9,10066,1
926,ブラッド,投手,30,不明,右右,メキシコ,海外,BS,196.6,105.4,3091,2
927,ブラッドフォード,外野手,33,不明,右右,アメリカ,海外,BS,182.8,89.0,21840,3
928,ブラッドリー,投手,37,不明,右左,アメリカ,海外,M,187.5,93.1,5527,1
929,ブランドン,内野手,34,不明,右右,アメリカ,海外,M,188.3,100.1,19799,3
930,ブレンダン,内野手,32,不明,右右,キューバ,海外,M,180.0,91.3,31705,5
931,ブレンドン,投手,32,不明,右右,ベネズエラ,海外,M,189.1,102.2,10196,5
932,ブレント,外野手,33,不明,右左,キューバ,海外,M,189.6,93.7,2393,1
933,ブレット,投手,31,不明,左右,ドミニカ共和国,海外,M,192.1,108.1,28201,6
934,ブライアン,投手,28,不明,右右,ドミニカ共和国,海外,M,180.3,83.1,20681,5
935,ブルース,外野手,27,不明,右右,ドミニカ共和国,海外,M,191.6,91.4,10827,3
936,ブルーノ,外野手,20,不明,右両,ドミニカ共和国,海外,M,188.5,96.4,4700,4
937,ブライアン,内野手,30,不明,右右,アメリカ,海外,E,185.6,77.7,24674,1
938,バイロン,外野手,34,不明,右右,キューバ,海外,E,185.1,100.8,4842,2
939,カルヴィン、キャルヴィン,投手,31,不明,右右,アメリカ,海外,E,196.6,116.0,11393,7
940,キャメロン、カメロン,投手,31,不明,左左,アメリカ,海外,E,195.5,111.3,11778,2
941,ケアリー、キャリー,投手,22,不明,右右,アメリカ,海外,H,187.3,109.4,8478,5
942,カール,外野手,37,不明,右右,オランダ領アンティル,海外,H,193.2,98.2,9421,6
943,キャロル,投手,31,不明,右右,アメリカ,海外,H,187.8,99.0,8474,4
944,ケイシー,内野手,36,不明,右右,キューバ,海外,H,188.7,100.1,16578,2
945,セシル,投手,26,不明,左左,キューバ,海外,H,186.5,97.5,21092,6
946,セドリック,投手,31,不明,右左,アメリカ,海外,H,191.3,98.3,25887,7
947,チャド,外野手,35,不明,右右,キューバ,海外,H,184.0,101.7,370,1
948,チャールズ,投手,40,不明,右右,アメリカ,海外,H,192.7,96.0,22586,2
949,チャーリー,外野手,33,不明,右右,キューバ,海外,H,186.4,98.4,5717,3
950,チェスター,投手,23,不明,右右,キューバ,海外,H,185.5,93.0,6387,1
951,クリス,内野手,21,O,右右,アメリカ,海外,F,190.3,95.0,9190,3
952,クリスティアン,投手,31,不明,右右,アメリカ,海外,F,186.4,98.8,4395,4
953,クリストファー,投手,30,不明,右右,ドミニカ共和国,海外,F,190.2,104.8,5550,2
954,クラレンス,投手,31,不明,左右,アメリカ,海外,F,186.4,106.6,9253,6
955,クラーク,内野手,29,不明,右右,ドミニカ共和国,海外,F,188.8,104.6,21498,1
956,クリフ,内野手,30,不明,右左,アメリカ,海外,L,183.3,91.4,3850,0
957,クリフォード,投手,29,不明,右右,アメリカ,海外,L,185.8,98.2,3613,0
958,クリフトン,投手,29,B,左左,タイ,海外,L,181.0,81.3,708,2
959,クライヴ,投手,33,不明,右右,アメリカ,海外,L,187.8,101.6,36346,4
960,クライド,投手,31,不明,左右,アメリカ,海外,L,196.2,91.7,11032,3
961,コーディ,内野手,36,不明,右右,ベネズエラ,海外,L,192.6,88.0,5070,2
